﻿<skin name="【Yc丶卟訴離殇】" version="1.0"  author="abou" url="http://326604268.qzone.qq.com" email="hf2k20@163.com" readme="【Yc丶卟訴離殇】" preview="preview.jpg" mask_color="" show_tips="0.5">
	<option xywh="2, 22, 1B, 25" src="black.gif" mask="" lock="1" display="0" group="A">	
		<pane xywh="0, 0, 100P, 100P" align="left" font="" size="12" color="#7F8FA5, #ffffff" />
		<scrollbar thumb_src="scrollbar_thumb.png" button_src="scrollbar_button.png" track_src="scrollbar_track.png"/>
		<bt_close xywh="0, 0, 1, 1" src="" />
	</option>
	<lrc xywh="2, 43R, 126B, 25" src="" mask="" lock="1" display="1" group="A">
		<text xywh="0, 0, 100P, 100P" align="center" font="宋体" size="12" color="#7F8FA5, #ffffff" horizontal="1" max_scale="3" />
		<bt_close xywh="0, 0, 1, 1" src="" />
	</lrc>
	<list xywh="2R, 22, 250, 27B" src="list.png" mask="" lock="1" display="1" group="A">
        <tree xywh="7, 0, 100P, 92P" align="left" font="" size="12" color="#7F8FA5, #ffffff" />
    <search xywh="42, 0R, 113, 20" align="left" font="Arial" size="12" color="#999999, #666666"  value="请输入关键字" />	
		<scrollbar thumb_src="scrollbar_thumb.png" button_src="scrollbar_button.png" track_src="scrollbar_track.png"/>
		<bt_close xywh="238R, 0C, 8, 117" src="bt_close.png" />
<event type="open" target="console.progress" property="xywh" value="2, 32R, 126B, 13" />
<event type="close" target="console.progress" property="xywh" value="2, 32R, 6B, 13" />  
<event type="open" target="media" property="xywh" value="2, 22, 126B, 32B" />
<event type="close" target="media" property="xywh" value="2,22, 5B, 32B" />
<event type="open" target="lrc" property="xywh" value="2, 43R,126B, 25" />
<event type="close" target="lrc" property="xywh" value="1, 43R, 5B, 25" />
	</list>
	<media xywh="2, 22, 126B, 32B" src="" mask="" lock="0" display="1" group="A">
		<video xywh="0, 0, 100P, 100P" />
		<bt_close xywh="0, 0, 1, 1" src="" />
	</media>
	<console xywh="0C, 0C, 100P, 100P" src="console.png" mask="" lock="1" display="1" group="A">
		<bt_play xywh="0C, 3R, 18, 18" src="bt_play.png" tips="播放,暂停" />
		<bt_stop xywh="-67C, 3R, 20, 20" src="bt_stop.png" tips="停止" />
		<bt_prev xywh="-40C, 3R, 20, 20" src="bt_prev.png" tips="上一个" />
		<bt_next xywh="40C, 3R, 20, 20" src="bt_next.png" tips="下一个" />
                <bt_random xywh="80R, 7R, 20, 20" src="bt_random.png" tips="打开无序,关闭无序" />
		<bt_repeat xywh="12R, 7R, 20, 20" src="bt_option.png" tips="打开重复,关闭重复" />
                <bt_fullscreen xywh="46R, 7R, 20, 20" src="bt_fullscreen.png" tips="打开全屏,退出全屏" />
		<bt_mute xywh="67C, 3R, 20, 20" src="bt_mute.png" tips="静音,打开声音" />
		<volume xywh="110C, 13R, 60, 5" thumb_src="volume_thumb.png" track_src="volume_track.png"  tips="音量" />
		<progress xywh="2, 32R,126B, 13" thumb_src="progress_thumb.png" track_src="progress_track.png" />
		<bt_list xywh="2R, 0C, 9, 506" src="bt_list.png" />
		<bt_video xywh="0, 0, 1, 1" src="" />
		<bt_lrc xywh="0, 0, 1, 1" src="" />
		<title xywh="25, 1, 450, 20" align="left" font="" size="12" color="#ffffff" borderColor="" backgroundColor="" bold="1" />
		<status xywh="12, 7R, 170, 20" align="left" font="" size="12" color="#ffffff" borderColor="" backgroundColor="" bold="" />
		<time xywh="5R, 4, 100, 18" align="right" font="" size="12" color="#ffffff" borderColor="" backgroundColor="" bold="" />
	</console>
</skin>